creation_time,mod_time	,user_name,id_user
1699324081,1699324081,admin,1000
1726679249,1726679249,user1,1001
1726679335,1726679335,user2,1002
1726679443,1726679443,user3,1003
1723312302,1723312302,user4,1004
1723183283,1723183283,user5,1005
1723054264,1723054264,user6,1006
1725987246,1725987246,user7,1007
1722925245,1722925245,user8,1008
1725987121,1725987121,user9,1009
1725987359,1725987359,user10,1010
1725987439,1725987439,user11,1011
1726679520,1726679520,user12,1012
1722796226,1722796226,user13,1013
1722667207,1722667207,user14,1014
1726679581,1726679581,user15,1015
1725987519,1725987519,user16,1016
1722538187,1722538187,user17,1017
1722409168,1722409168,user18,1018
1725987636,1725987636,user19,1019
1725987716,1725987716,user20,1020
1725987780,1725987780,user21,1021
1725987867,1725987867,user22,1022
1726679707,1726679707,user23,1023
1726679832,1726679832,user24,1024
1722280149,1722280149,user25,1025
1722151130,1722151130,user26,1026
1725988034,1725988034,user27,1027
1721893092,1721893092,user28,1028
1721764073,1721764073,user29,1029
1725988124,1725988124,user30,1030
1726679931,1726679931,user31,1031
1726679988,1726679988,user32,1032
1721506035,1721506035,user33,1033
1721377015,1721377015,user34,1034
1721247996,1721247996,user35,1035
1726680168,1726680168,user36,1036
1726159953,1726159953,user37,1037
1722022111,1722022111,user38,1038
1726680290,1726680290,user39,1039
1726680608,1726680608,user40,1040
1726680326,1726680326,user41,1041
1725988214,1725988214,user42,1042
1721118977,1721118977,user43,1043
1720989958,1720989958,user44,1044
1725988068,1725988068,user45,1045
1720860939,1720860939,user46,1046
1720731920,1720731920,user47,1047
1720602901,1720602901,user48,1048
1725988277,1725988277,user49,1049
1720344863,1720344863,user50,1050
1725988456,1725988456,user51,1051
1720215843,1720215843,user51,1052
1725988384,1725988384,user52,1053
1720086824,1720086824,user52,1054
1719957805,1719957805,user53,1055
1719828786,1719828786,user54,1056
1725988506,1725988506,user55,1057
1720473882,1720473882,user58,1058
1721635054,1721635054,user59,1059